WKT,FID
"POLYGON ((106.813932 -6.221075,106.814037 -6.22122,106.814212 -6.221088,106.814107 -6.220947,106.813932 -6.221075))","1"
